201,Dniren,Marion
202,Rube,Rounsivall
203,Christin,Flintiff
204,Elmira,Cutforth
205,Winnie,Haggarty
206,Faunie,Milkins
207,Silvana,Brack
208,Erhard,Wylie
209,Abbye,Pell
210,Earlie,Gallehawk
211,Wallis,Tackell
212,Darci,Bricksey
213,Ferrell,Dinsdale
214,Deena,Finkle
215,Stanley,Searston
216,Tiebold,Margerrison
217,Friederike,Guillem
218,Corliss,Boules
219,Melicent,Merredy
220,Bogart,Toderi
221,Melodie,Brotherhed
222,Danit,Abbe
223,Ashely,Wapples
224,Taber,Suatt
225,Homer,Griffoen
226,Rosa,Giovanizio
227,Cinda,Mixter
228,Pippa,Stormont
229,Elsinore,Faragan
230,Wilburt,Kingzet
231,Cristal,Colliford
232,Care,Nelle
233,Arlinda,Cumberland
234,Danyelle,Garrique
235,Roland,Cobbold
236,Rubia,Aldous
237,Nahum,Wildish
238,Emilie,Bowcock
239,Zeb,Mangon
240,Christen,Northing
241,Kirstyn,Sorbie
242,Leonidas,Harrop
243,Lila,Kiley
244,Locke,Baldassi
245,Sylvan,Ladds
246,Aimil,Girardin
247,Kenneth,Osgodby
248,Tomkin,Wardrope
249,Berni,Campkin
250,Emmanuel,Trusslove
251,Herminia,Outerbridge
252,Shae,Cicchetto
253,Odele,Manlow
254,Pedro,Fitzjohn
255,Melinda,MacCostigan
256,Ted,Dragonette
257,Skyler,Cabera
258,Sybille,Cheales
259,Jilli,Stening
260,Chariot,Dassindale
261,Hilda,Pighills
262,Emmaline,Franklin
263,Tallie,Le Provost
264,Darline,Smewings
265,Gaby,Andrini
266,Royal,Everington
267,Aura,Cartmer
268,Sean,Patington
269,Vite,Mapowder
270,Car,Willers
271,Tito,Ransome
272,Ernesta,Yurin
273,Hanni,Shugg
274,Phylys,Loosley
275,Odelia,Assante
276,Jason,Oret
277,Eziechiele,Chaudrelle
278,Blake,Baumer
279,Silvano,Chattock
280,Benny,Harpur
281,Angy,Plampin
282,Lanette,Cadney
283,Mortie,Besson
284,Madelena,Lyddiatt
285,Jacques,Dairton
286,Pammie,Robinette
287,Henrik,Boldecke
288,Anstice,Burke
289,Cherry,Bradly
290,Fancie,Boyda
291,Vidovik,Feenan
292,Camala,Ziem
293,Bernie,Magarrell
294,Gerianne,Dockrill
295,Tessa,Duligall
296,Valeda,Dobeson
297,Janetta,La Torre
298,Alysia,Gurry
299,Vania,Giampietro
300,Wald,Braisted
