Module_code,Module_name,Module_term
1,Hazel,Ollerton
2,Clarette,Bridle
3,Lorry,Skydall
4,Boote,Beeres
5,Aubrette,McGaughay
6,Maria,Seeviour
7,Joannes,Huzzey
8,Matthias,Dawkins
9,Trixi,De Zamudio
10,Prudence,Blaxland
11,Nadya,Revey
12,Cass,Spore
13,Fallon,Rubenfeld
14,Agustin,McAw
15,Vachel,Milstead
16,Fulton,St. Quintin
17,Mathew,Roth
18,Wald,Down
19,Thibaud,Jotham
20,Doreen,Simonnot
21,Stacee,Howett
22,Tuesday,Birtles
23,Johannah,Hydes
24,Mahala,Hune
25,York,Samper
26,Lesya,Brameld
27,Ian,Pierrepont
28,Salim,Hartrick
29,Riley,Matherson
30,George,Kubec
31,Lotte,Killiam
32,Peggi,Dashkov
33,Amandi,Mobius
34,Delano,Pettyfar
35,Bibbye,Brayfield
36,Ulysses,Udey
37,Katlin,Dutton
38,Ragnar,Josuweit
39,Fransisco,Polden
40,Nevin,Ditzel
41,Bel,Padgett
42,Lind,Peacey
43,Elna,Golsby
44,Delmar,Downham
45,Niles,Jeacocke
46,Reese,Tiptaft
47,Janie,Pirson
48,Ethelyn,Joselevitz
49,Dusty,Petschelt
50,Lionello,Camp
51,Karil,Ciric
52,Shae,Najara
53,Nettie,Pancoast
54,Norry,Cornfield
55,Preston,Goodspeed
56,Lucie,Gowdridge
57,Rey,Blaxland
58,Alvira,Brissenden
59,Susette,Seefeldt
60,Gifford,Tire
61,Julius,Blackmoor
62,Tisha,Menilove
63,Geri,MacSharry
64,Emanuele,Brandi
65,Chrystal,Heisman
66,Laughton,Korda
67,Osbourne,Childs
68,Alika,Cadney
69,Roch,Wrack
70,Jodie,Lapides
71,Quintina,Uttermare
72,Madelle,Wigfield
73,Harmon,Petriello
74,Rosabella,McCole
75,Boote,Matten
76,Vida,Fancy
77,Yance,Mapstone
78,Verena,Nouch
79,Kandy,Ledbetter
80,Elke,Joselin
81,Martelle,Sommerled
82,Nancy,Worvill
83,Torie,Lantuffe
84,Tildie,Heineking
85,Meir,Ragot
86,Micky,Crackel
87,Golda,Blaik
88,Bernie,Mattock
89,Bentley,Eiler
90,Darn,Micheli
91,Berne,Bourdice
92,Shandra,Beaney
93,Eduard,Pedlow
94,Aurthur,Gillatt
95,Wolfie,Maraga
96,Udell,Downgate
97,Cointon,Bradborne
98,Nanice,Cleugher
99,Hilary,Cossem
100,Bayard,Fair
101,Gertruda,MacGilrewy
102,Ilyse,Pavia
103,Carroll,Fernanando
104,Teri,Kellet
105,Dacie,Veque
106,Bessie,Burgot
107,Pauly,Wilsdon
108,Annabella,Pickvance
109,Quintus,Krahl
110,Bibby,Jacobowits
111,Sauncho,Aimer
112,Sissy,Merrigans
113,Garth,Midghall
114,Kassia,Sumshon
115,Austin,Weyman
116,Cobbie,Skydall
117,Ariadne,Feary
118,Dorothee,Joreau
119,Nicolea,Kerr
120,Aloin,Skerritt
121,Robby,Faber
122,Arney,Botten
123,Vincent,Jacquest
124,Micky,Isacsson
125,Tammi,Raden
126,Kial,Clappson
127,Haroun,Ferrillo
128,Lanette,Bowle
129,Gerianne,Anespie
130,Shelba,Priden
131,Ginni,Stenner
132,Isadora,Linstead
133,Candy,Emeney
134,Percival,Jakeman
135,Maryanna,Molden
136,Gunar,Youde
137,Berkley,Anstis
138,Friedrick,Joyes
139,Briggs,Thomazet
140,Leesa,Longcaster
141,Osbert,Le Lievre
142,Elinor,Pittendreigh
143,Don,Kuhnke
144,Kissee,Ryce
145,Gilburt,Muzzini
146,Verina,Glencorse
147,Wilmar,Cline
148,Berni,Bezants
149,Percy,Derill
150,Marianne,Haddleston
151,Fletcher,Waterland
152,Shannah,Gobbet
153,Jaquelin,McRannell
154,Maximilianus,Kundt
155,Wash,Caddock
156,Pearla,Streeton
157,Maudie,Guirardin
158,Mirella,Walton
159,Dominique,Shilstone
160,Scarlett,Crady
161,Xever,Gouldsmith
162,Jesus,Niblo
163,Godiva,Skepper
164,Quintin,Cartmale
165,Ester,Peagrim
166,Nevil,Crowther
167,Dre,Callan
168,Madelin,Rops
169,Ardra,Cliffe
170,Fiorenze,Merton
171,Melita,Kildale
172,Salmon,Pember
173,Vincent,Geerdts
174,Jacinda,Vasechkin
175,Percival,Dunleavy
176,Sallie,Tosdevin
177,Cointon,Troutbeck
178,Annissa,Tims
179,Padriac,Pervoe
180,Isadore,Reboul
181,Adan,Tomasi
182,Dugald,Alten
183,Charlene,Deery
184,Barnett,Skeermor
185,Alric,Moehler
186,Michael,Lusk
187,Nicola,McPhillimey
188,Laina,Milhench
189,Elwin,Latek
190,Roderic,Ardern
191,Tessy,Braxton
192,Roxy,Scintsbury
193,Jessamine,Kertess
194,Wheeler,Gurwood
195,Barbaraanne,Kunzler
196,Annmarie,Walliker
197,Christan,Tesimon
198,Dixie,Nock
199,North,Bratty
200,Friedrick,Posselt
201,Dniren,Marion
202,Rube,Rounsivall
203,Christin,Flintiff
204,Elmira,Cutforth
205,Winnie,Haggarty
206,Faunie,Milkins
207,Silvana,Brack
208,Erhard,Wylie
209,Abbye,Pell
210,Earlie,Gallehawk
211,Wallis,Tackell
212,Darci,Bricksey
213,Ferrell,Dinsdale
214,Deena,Finkle
215,Stanley,Searston
216,Tiebold,Margerrison
217,Friederike,Guillem
218,Corliss,Boules
219,Melicent,Merredy
220,Bogart,Toderi
221,Melodie,Brotherhed
222,Danit,Abbe
223,Ashely,Wapples
224,Taber,Suatt
225,Homer,Griffoen
226,Rosa,Giovanizio
227,Cinda,Mixter
228,Pippa,Stormont
229,Elsinore,Faragan
230,Wilburt,Kingzet
231,Cristal,Colliford
232,Care,Nelle
233,Arlinda,Cumberland
234,Danyelle,Garrique
235,Roland,Cobbold
236,Rubia,Aldous
237,Nahum,Wildish
238,Emilie,Bowcock
239,Zeb,Mangon
240,Christen,Northing
241,Kirstyn,Sorbie
242,Leonidas,Harrop
243,Lila,Kiley
244,Locke,Baldassi
245,Sylvan,Ladds
246,Aimil,Girardin
247,Kenneth,Osgodby
248,Tomkin,Wardrope
249,Berni,Campkin
250,Emmanuel,Trusslove
251,Herminia,Outerbridge
252,Shae,Cicchetto
253,Odele,Manlow
254,Pedro,Fitzjohn
255,Melinda,MacCostigan
256,Ted,Dragonette
257,Skyler,Cabera
258,Sybille,Cheales
259,Jilli,Stening
260,Chariot,Dassindale
261,Hilda,Pighills
262,Emmaline,Franklin
263,Tallie,Le Provost
264,Darline,Smewings
265,Gaby,Andrini
266,Royal,Everington
267,Aura,Cartmer
268,Sean,Patington
269,Vite,Mapowder
270,Car,Willers
271,Tito,Ransome
272,Ernesta,Yurin
273,Hanni,Shugg
274,Phylys,Loosley
275,Odelia,Assante
276,Jason,Oret
277,Eziechiele,Chaudrelle
278,Blake,Baumer
279,Silvano,Chattock
280,Benny,Harpur
281,Angy,Plampin
282,Lanette,Cadney
283,Mortie,Besson
284,Madelena,Lyddiatt
285,Jacques,Dairton
286,Pammie,Robinette
287,Henrik,Boldecke
288,Anstice,Burke
289,Cherry,Bradly
290,Fancie,Boyda
291,Vidovik,Feenan
292,Camala,Ziem
293,Bernie,Magarrell
294,Gerianne,Dockrill
295,Tessa,Duligall
296,Valeda,Dobeson
297,Janetta,La Torre
298,Alysia,Gurry
299,Vania,Giampietro
300,Wald,Braisted
301,Nari,Drewell
302,Kata,Hawgood
303,Nissie,Riggott
304,Lindy,Wyndham
305,Orren,Morant
306,Graig,Kerley
307,Thomasine,Sleney
308,Lenna,Sotheby
309,Martica,Qualtrough
310,Leonore,Semon
311,Helena,Squibb
312,Pincas,Honack
313,Melony,Grodden
314,Darcy,Hembery
315,Otto,Alwood
316,Steward,Ingyon
317,Glenine,Mills
318,Brewster,Baggalley
319,Wendel,Bray
320,Candida,Haggerty
321,Conan,Drayton
322,Molli,Stocken
323,Marge,Meddemmen
324,Sharl,Doggett
325,Andie,Dedham
326,Nat,Sykes
327,Antonetta,Gehringer
328,Tabby,Bennell
329,Doralin,Peet
330,Peria,Kidde
331,Corrine,Lissandrini
332,Ruben,Boscher
333,Arlinda,Pavie
334,Neil,Hedling
335,Deonne,Guitonneau
336,Sarene,Reveland
337,Sinclair,Highman
338,Antonie,Kearle
339,Hermine,Sancroft
340,Amye,Hakonsen
341,Austin,Kivell
342,Zaria,Dood
343,Chariot,Gwalter
344,Elise,De Minico
345,Husain,Lowey
346,Randell,Gentzsch
347,Myrna,Wyper
348,Boot,Hemphall
349,Kelwin,Lindblad
350,Herta,Mapham
351,Chrysa,Bielefeld
352,Lemar,Van Ross
353,Stormi,Dubock
354,Blane,Jeafferson
355,Egor,Bineham
356,Vasilis,Tolle
357,Cicily,Onions
358,Hubert,Tebald
359,Eadith,Heinle
360,Jillayne,Bryenton
361,Ninnetta,Birrel
362,Marji,Yushmanov
363,Lauralee,Frew
364,Kameko,Forlonge
365,Janella,Mila
366,Aline,Picardo
367,Constancia,Sprasen
368,Toby,McFater
369,Jeffie,Sexty
370,Irwin,Moffatt
371,Keen,Maw
372,Marven,Moysey
373,Martie,Bowley
374,Christoffer,Ackerley
375,Jae,Ouldcott
376,Bentley,Jeannot
377,Codi,Petters
378,Huberto,Sidebotham
379,Merle,Cargo
380,Matilde,McCully
381,Aurlie,Partner
382,Salem,Brumen
383,Hastie,Corbishley
384,Odessa,Ccomini
385,Olivia,Newsome
386,Odie,Antonomoli
387,Isiahi,Jorgesen
388,Eartha,Lambotin
389,Warde,Blas
390,Burnard,Le Teve
391,Shaine,Messruther
392,Berrie,Henfre
393,Norina,Ginsie
394,Bengt,Nesfield
395,Fayina,Becom
396,Claiborne,Strick
397,Elfrida,Denzilow
398,Caprice,Gornal
399,Marylinda,Blowfelde
400,Chauncey,De Lascy
401,Deanna,Klimowicz
402,Bee,Cowx
403,Vaughn,Littler
404,Riannon,MacSherry
405,Gustave,Janousek
406,Gilbert,Crust
407,Bank,Leahey
408,Kerby,Giacobini
409,Bone,Detloff
410,Jorge,Mettrick
411,Pembroke,McGibbon
412,Lesly,O'Halloran
413,Lilyan,Olney
414,Kay,Padbury
415,Nevins,Tattam
416,Inglis,Muddle
417,Irina,O'Deoran
418,Thaddeus,Nealand
419,Albertine,MacKey
420,Lyell,Di Claudio
421,Zandra,Pickerill
422,Ruddie,Shears
423,Noll,Binden
424,West,Lavallin
425,Emanuele,Southgate
426,Correy,Copsey
427,Herculie,Fallen
428,Vaclav,Bottrell
429,Dominik,Stening
430,Nathalie,Stalley
431,Claiborne,Sandyford
432,Adi,Hoggin
433,Marlee,Munt
434,Jacenta,Itzchaki
435,Kimbell,Peirone
436,Trixie,Ambrogetti
437,Billy,Blakeslee
438,Janna,Campbell
439,Trudey,Whittet
440,Bird,Anscombe
441,Aindrea,Awin
442,Galvin,Trimnell
443,Jarret,Stiddard
444,Marta,Renison
445,Boycie,Pattesall
446,Tonia,Waterworth
447,Ford,St Louis
448,Lemmie,Sydry
449,Virgina,Gerling
450,Nelle,Leyes
451,Taddeo,Lesor
452,Artemis,McElrea
453,Eldridge,Gothrup
454,Garrett,Haythorn
455,Kacey,Worner
456,Augustina,Alebrooke
457,Eric,Hedger
458,De,Reeders
459,Marie-jeanne,Chadburn
460,Gwenneth,Jezzard
461,Jesus,Mecco
462,Wallie,Gilkison
463,Yelena,Andreas
464,Larissa,Farfolomeev
465,Ursala,Derwin
466,Briggs,Edland
467,Hamid,Pittham
468,Rockey,Schoffler
469,Maudie,Steinhammer
470,Ashby,Stennine
471,Osgood,MacMearty
472,Sidonnie,Ride
473,Gram,McCrillis
474,Lynnelle,Beyn
475,Janek,Kulver
476,Lia,Chucks
477,Yuri,Kelley
478,Ella,Stiling
479,Guendolen,Drewett
480,Madelene,Jeremaes
481,Prent,Thrower
482,Persis,Marrow
483,Talyah,Minger
484,Karalynn,Reavey
485,Brinna,Grocock
486,Donelle,Gornar
487,Viki,Alastair
488,Timi,Feragh
489,Ram,Louca
490,Moselle,Nasey
491,Sapphira,Terrell
492,Harrie,Gorch
493,Rozanne,Cardenosa
494,Devy,Mauro
495,Granger,Minger
496,Mariejeanne,Pincked
497,Carlita,Balogun
498,Dorothy,Hunnicutt
499,Shawnee,Rundle
500,Bliss,Eagling
501,Bartholomeo,Gauson
502,Issiah,Lampbrecht
503,Lonee,Tenney
504,Ethe,Dalinder
505,Grange,MacFaell
506,Poul,Gibling
507,Simmonds,McGlone
508,Pascale,Moult
509,Rebeka,Kaliszewski
510,Licha,Darwent
511,Amery,Cavan
512,Iosep,Dilloway
513,Adrian,Cota
514,Marjy,McMichan
515,Niki,Croce
516,Giacobo,Grishakov
517,Kelly,Bras
518,Bail,Bendley
519,Ronnica,Ethridge
520,Danila,Capin
521,Benjy,Romagosa
522,Othelia,Brucker
523,Rayner,Skirvin
524,Katrinka,Kentwell
525,Jehu,Sauven
526,Nichole,Pidler
527,Edyth,Cramphorn
528,Ruthanne,Rabley
529,Grier,Kares
530,Joshua,Hexter
531,Marge,Crocombe
532,Christoph,Mephan
533,Edith,Govan
534,Estrellita,Waldera
535,Isidor,Very
536,Elspeth,Faiers
537,Marius,Lagadu
538,Adolphe,Mulliner
539,Tedra,Shenfish
540,Rhiamon,Entwisle
541,Gayelord,Daen
542,Priscilla,Baish
543,Nonna,Calderhead
544,Skipton,Pointing
545,Torrie,Terzza
546,Ernesta,Balderson
547,Una,Pothecary
548,Quincy,Eddins
549,Donni,Alyoshin
550,Olga,Fawdry
551,Ruthe,Doig
552,Ardis,Eldritt
553,Zachery,Normandale
554,Westleigh,Acott
555,Vaughn,Rice
556,Yulma,O' Timony
557,Caesar,Dupree
558,Charmane,Repp
559,Jourdain,Whartonby
560,Cordell,Hopkynson
561,Dorian,Edwicke
562,Vergil,Ayars
563,Wilhelm,Govett
564,Rhoda,Guyers
565,Laird,Lark
566,Korry,Keford
567,Brandy,Purvis
568,Viola,Niemetz
569,Jeramie,Pachmann
570,Packston,McAline
571,Carmelia,Piwell
572,Willette,Rosso
573,Laurene,Calabry
574,Che,McKmurrie
575,Elfreda,Devine
576,Atlante,Kirmond
577,Lonni,Delbergue
578,Joni,Paunsford
579,Joanna,Handman
580,Austin,Thackham
581,Tatiana,Scallon
582,Alina,Prestwich
583,Harlene,Allsop
584,Cherie,Desvignes
585,Ariela,Vahl
586,Max,Zuenelli
587,Pebrook,Seine
588,Sigismondo,Digle
589,Lou,Ickovitz
590,Pauletta,Adamovitz
591,Abran,Smallpiece
592,Briney,Lorrie
593,Perice,Cissell
594,Lyndsay,Hendrickx
595,Sarine,Flores
596,Sandie,Ingolotti
597,Saraann,Meeson
598,Verney,Churchouse
599,Bertrand,Easman
600,Jone,Cobley
601,Danya,Samwyse
602,Lanie,Hanbury
603,Jerrold,Geraudel
604,Fawn,Georgievski
605,Clive,Beecker
606,Francyne,Dodell
607,Bear,Cometto
608,Larisa,Corriea
609,Hildegarde,Ramelet
610,Freddi,Gres
611,Arlee,Truitt
612,Norine,Ferraresi
613,Bethina,O'Coskerry
614,Walliw,Schwieso
615,Brett,Boutcher
616,Myrna,Pond-Jones
617,Dinnie,Flanagan
618,Berton,Oguz
619,Jermaine,Rodden
620,Hillary,Jeffrey
621,Trixi,Runciman
622,Alicia,Haggie
623,Lorenza,Kield
624,Ezra,Bohike
625,Ina,Eastment
626,Michele,Clackers
627,Kellen,Coales
628,Shelia,Truckett
629,Christina,Roskam
630,Elliot,Simison
631,Hannie,Duckworth
632,Janos,Adcock
633,Shep,Poyner
634,Viv,Seeler
635,Banky,Torrie
636,Uta,Mindenhall
637,Rickie,Baldree
638,Kyle,De Fraine
639,Hatty,Longhirst
640,Enrika,Kmietsch
641,Alleyn,Pettie
642,Rosmunda,Lockier
643,Rafaello,Toffts
644,Adelbert,Gulliman
645,Inna,Membry
646,Giffie,Beckingham
647,Temple,Soutar
648,Eydie,Deeny
649,Gilles,McIlvaney
650,Audie,Jablonski
651,Tadeas,Presdee
652,Malanie,Minichi
653,Martin,Longmire
654,Lynea,Aymeric
655,Brad,Sowthcote
656,Amil,Strivens
657,Lynn,Klimov
658,Gillan,Drillot
659,Barri,Keach
660,Terence,Woolfitt
661,Gail,Del Castello
662,Mickie,Beveridge
663,Drusi,Padwick
664,Nolie,Martineau
665,Tobi,Billyeald
666,Lia,Dufer
667,Leanora,Coytes
668,Letitia,Ganforthe
669,Othello,Ettles
670,Romona,Zylberdik
671,Bank,Aspin
672,Batsheva,Tomaselli
673,Rubie,Gyde
674,Kristy,Santore
675,Lonnard,Hurworth
676,Hermia,Saundercock
677,Haleigh,Killich
678,Peria,Lethabridge
679,Ernie,Thoma
680,Rosene,Niche
681,Augustus,Eallis
682,Renata,Buttner
683,Sammy,Erni
684,Joceline,Jacobsohn
685,Nikolia,Fulloway
686,Katalin,Vearncomb
687,Adiana,Gerling
688,Reggy,Stafford
689,Rebbecca,Roddick
690,Boycey,Kingsbury
691,Leora,Wynrehame
692,Gordan,Errichiello
693,Elianora,Verbrugghen
694,Mair,Boot
695,Jim,Cavell
696,Katine,Markl
697,Donavon,Rizzillo
698,Emmaline,Goodbourn
699,Lynda,Galia
700,Devi,Meakin
701,Robina,Ropking
702,Dorie,Callingham
703,Kaiser,Cullinan
704,Adan,Leport
705,Erinna,Cawthera
706,Morse,Rozzell
707,Swen,Ponten
708,Bel,Angell
709,Leonardo,Hoys
710,Yolande,Crosetto
711,Hillyer,Maasze
712,Bernete,Bratt
713,Welch,Bonner
714,Mickie,McFetridge
715,Ealasaid,Oakland
716,Darius,Mannagh
717,Helga,Le feuvre
718,Ilene,Monaghan
719,Noble,Snartt
720,Flemming,Benedyktowicz
721,Dorene,Lambirth
722,Piggy,Sallans
723,Kellia,Jermyn
724,Ella,Carss
725,Alleen,Cust
726,Carver,Kelshaw
727,Bobby,Semmence
728,Allegra,Babb
729,Massimo,Pigeram
730,Bendix,Derges
731,Nathalia,McMurty
732,Winona,London
733,Deck,Koschke
734,Arlana,MacCulloch
735,Penni,Shepcutt
736,Frieda,Gulliman
737,Shelbi,Wardington
738,Eirena,Beebe
739,Cam,June
740,Jeramie,Brevitt
741,Arleen,Cotterrill
742,Dasha,Squibb
743,Siffre,Mecozzi
744,Gillian,Devoy
745,Rutledge,Filde
746,Corbet,Gierth
747,Louis,Walkington
748,Byrann,Ovens
749,Dixie,Greest
750,Rabi,Hradsky
751,Minda,Finan
752,Shaylynn,Duncklee
753,Renata,Normand
754,Gerry,Matoshin
755,Catlee,Denney
756,Marni,Knock
757,Wynne,Dyne
758,Gottfried,Willans
759,Eddie,Strong
760,Harmon,Bohea
761,Betti,Crimmins
762,Rube,Klemke
763,Fonzie,Infante
764,Leisha,Ishak
765,Rochell,Verecker
766,Norman,Melding
767,Ema,Cameron
768,Paten,Fells
769,Lita,Botcherby
770,Salvidor,Harwin
771,Lombard,Goude
772,Benedetta,Kaspar
773,Roobbie,Stoner
774,Lesli,Jannequin
775,Godfry,Astin
776,Gerome,Sterry
777,Dory,Scimone
778,Der,Moat
779,Kathie,Eccersley
780,Skipton,Travis
781,Tessi,Grissett
782,Alexandr,Blitz
783,Grace,Crommett
784,Ripley,Baldock
785,Bernard,Blaxall
786,Lorna,Hyams
787,Elvyn,Silver
788,Grazia,Menure
789,Ray,Priestland
790,Kissiah,Gerding
791,Finley,Rumgay
792,Erl,Hanington
793,Berget,Keller
794,Mozelle,Stallon
795,Jacintha,Craney
796,Glennis,Trippitt
797,Trisha,Gregor
798,Gennie,Quinby
799,Chiquita,Gytesham
800,Jamil,Cudihy
801,Gabriell,Trymme
802,Tatiania,Ceaplen
803,Ezequiel,Dorgan
804,Colman,Hallum
805,Calla,De Giorgi
806,Vanda,Lampet
807,Tobin,Frisel
808,Huberto,Healks
809,Rori,Pool
810,Yurik,Mowbury
811,Adrienne,Heliot
812,Kristen,Clayden
813,Gannie,Acome
814,Leonelle,Bodker
815,Ricardo,Root
816,Wilow,Headon
817,Corrina,Goodhay
818,Reginauld,Libero
819,Benedicto,Knellen
820,Giustino,Kimbrough
821,Miltie,Shimwall
822,Shalom,Elleray
823,Van,Vogl
824,Ase,Bland
825,Delano,Fentem
826,Mollee,Bortolazzi
827,Phedra,Siggs
828,Aloin,Szubert
829,Dud,Adamovich
830,Jerry,Gumn
831,Torr,Moulsdall
832,Gasper,Nystrom
833,Augustine,Stanistreet
834,Shayla,Coatsworth
835,Cly,Pettiward
836,Belva,Bearward
837,Fred,Slowcock
838,Gisele,Gladden
839,Johnna,Hardaker
840,Lona,Argabrite
841,Thornie,Cowpe
842,Barrie,Schulkins
843,Nathalie,Drohan
844,Guglielmo,Kirtley
845,Berget,Ruddoch
846,Mallorie,Mumm
847,Kerianne,Bauer
848,Rubina,Aylward
849,Marisa,Kemery
850,Brietta,Collington
851,Evaleen,Apdell
852,Amara,Jankowski
853,Drona,Mulloch
854,Farris,Besson
855,Lorenzo,Edsall
856,Junia,Sweynson
857,Oriana,Garric
858,Sybilla,Gabriel
859,Harley,Paike
860,Sharon,Bruffell
861,Timmie,Desseine
862,Kinny,Hanny
863,Wynn,Ducket
864,Bibbie,Bagott
865,Inga,Raisher
866,Vaclav,Digweed
867,Malanie,Westwick
868,Bailey,Pickford
869,Gilligan,Mizzi
870,Ariel,Sylvaine
871,Temple,Bettleson
872,Claudianus,Foxwell
873,Constantina,Killeley
874,Francesca,Fernley
875,Pauline,Sennett
876,Cornie,Petts
877,Vaclav,Arnfield
878,Sayre,Bartlett
879,Vale,Hawkswood
880,Ebony,Pococke
881,Kit,Kinsell
882,Martha,Hadfield
883,Leia,Baggally
884,Ruddie,Lindell
885,Garner,Allin
886,Dody,Spellard
887,Emelda,Pryer
888,Claudio,Henric
889,Hendrika,Lorain
890,Robby,Rottenbury
891,Brynna,Downe
892,Leann,MacTrusty
893,Angelique,Baldacco
894,Bartholemy,Yonnie
895,Amil,Withinshaw
896,Dolley,MacKereth
897,Freddie,Sparkwell
898,Cordie,Frontczak
899,Mariejeanne,Melding
900,Fan,Tapp
901,Chiquita,Yeomans
902,Claudina,Lorey
903,Gert,Wensley
904,Noell,Hartup
905,Francine,Rabbatts
906,Graig,Boullen
907,Angelika,Paprotny
908,Tobin,Malamore
909,Annabella,Pietersen
910,Shaun,Costanza
911,Mada,Pierce
912,April,Rennie
913,Valle,Rayburn
914,Penrod,Duffan
915,Adriano,Klosser
916,Katharine,Lempertz
917,Michaella,Burdoun
918,Minta,Pragnell
919,Vonny,Corser
920,Jan,Nelthropp
921,Cortney,Dubery
922,Kincaid,Howitt
923,Dareen,Leng
924,Francene,Testro
925,Adrianna,Jeffcoat
926,Alla,Bluck
927,Devon,Sloat
928,Vail,Buckbee
929,Aurthur,Shilburne
930,Audy,Flanne
931,Ralf,Branton
932,Steffi,Smoote
933,Mahmoud,Weblin
934,Collin,Hackelton
935,Lotti,Streatfield
936,Emanuel,Atwel
937,Jewelle,Wateridge
938,Shelden,Haigh
939,Daisey,Boor
940,Carin,Hilhouse
941,Corrie,Belderson
942,Angelita,Lauks
943,Hendrik,Corse
944,Judith,Trewhella
945,Robb,Kempton
946,Morna,Killigrew
947,Jo-ann,Deyes
948,Dredi,O'Doran
949,Arline,Cockerill
950,Emelina,Milleton
951,Whittaker,Toynbee
952,Cori,Drayson
953,Lilli,Ellen
954,Ardeen,Macquire
955,Toiboid,Figurski
956,Gilbertine,Gilfoy
957,Bernadine,Carrigan
958,Hedwiga,Blanning
959,Roda,Butson
960,Moina,Sprowle
961,Ronda,Ondrasek
962,Rhea,Erb
963,Umberto,Vieyra
964,Belle,Mildmott
965,Bern,Bielfelt
966,Kennith,Viste
967,Alexis,Cosker
968,Erica,Probbing
969,Leslie,Millar
970,Phineas,Piggin
971,Siegfried,Cull
972,Yvonne,Ambrogi
973,Nanette,O' Lone
974,Ryon,Katzmann
975,Jonis,Erswell
976,Clyve,Kennicott
977,Winonah,Mincini
978,Iormina,Kinsella
979,Stanwood,Fewlass
980,Averyl,Towner
981,Ryan,McArte
982,Archer,Woolbrook
983,Sada,Jenkison
984,Dina,Durante
985,Laird,Lyster
986,Jeremiah,Wallwood
987,Sibbie,Devonshire
988,Kimberley,Ellerington
989,Caria,Mowett
990,Angeline,Lympany
991,Letti,Stuckley
992,Cybil,Pilley
993,Dorice,Brabyn
994,Nial,Bindley
995,Henrietta,Howden
996,Pascal,Vedishchev
997,Rhodia,Cairney
998,Quintana,Ivantyev
999,Marlo,Tomich
1000,Daniella,Pendle
